t,gx,gy,gz
4459.374000,-1.328244,-3.152672,0.312977
4459.386000,-1.282443,-3.801527,0.977099
4459.397000,-1.114504,-1.793893,1.030534
4459.408000,-1.778626,-1.000000,0.641221
4459.418000,-3.671756,0.145038,-0.282443
4459.430000,-3.267176,3.206107,0.099237
4459.441000,-4.755726,3.717557,-0.381679
4459.452000,-3.595420,3.694656,-0.381679
4459.463000,-3.938931,1.137405,-0.458015
4459.474000,-2.610687,-0.427481,0.229008
4459.486000,-1.885496,-2.251908,0.587786
4459.497000,-1.450382,-2.977099,0.587786
4459.508000,-1.152672,-3.297710,0.572519
4459.552000,-3.068702,2.038168,-0.244275
4459.564000,-3.519084,3.152672,0.160305
4459.575000,-4.106870,2.992366,0.007634
4459.585000,-3.389313,1.870229,0.190840
4459.596000,-3.450382,0.519084,-0.206107
4459.607000,-2.603053,-0.320611,0.061069
4459.619000,-1.717557,-1.816794,0.809160
4459.630000,-1.877863,-3.137405,0.458015
4459.641000,-2.236641,-3.641221,-0.175573
4459.653000,-1.709924,-1.916030,0.748092
4459.664000,-2.450382,-0.824427,0.030534
4459.676000,-2.519084,0.854962,0.305344
4459.689000,-3.312977,1.045802,-0.427481
4459.702000,-3.061069,2.038168,0.053435
4459.713000,-3.381679,2.183206,-0.083969
4459.724000,-3.351145,0.854962,-0.206107
4459.735000,-2.503817,-0.091603,0.236641
4459.747000,-1.923664,-1.374046,0.557252
4459.758000,-2.083969,-2.763359,0.152672
4459.770000,-2.229008,-2.351145,0.022901
4459.781000,-1.900763,-0.961832,0.458015
4459.792000,-2.297710,-0.213740,0.519084
4459.803000,-2.450382,0.068702,-0.045802
4459.814000,-3.458015,-0.519084,-0.633588
4459.825000,-3.129771,1.152672,0.213740
4459.837000,-2.572519,1.564886,0.290076
4459.848000,-2.900763,0.732824,-0.206107
4459.859000,-2.916031,0.030534,0.145038
4459.871000,-2.496183,-0.648855,0.511450
4459.882000,-2.496183,-1.862595,0.229008
4459.894000,-2.030534,-1.351145,0.267176
4459.905000,-2.022901,-0.740458,0.480916
4459.916000,-2.106870,-0.305344,0.259542
4459.928000,-2.793893,0.129771,0.221374
4459.939000,-2.702290,0.259542,0.099237
4459.950000,-2.618321,0.366412,0.206107
4459.961000,-2.725191,0.160305,-0.152672
4459.974000,-2.793893,0.267176,0.190840
4459.986000,-2.870229,-0.534351,-0.267176
4459.997000,-2.847328,-0.290076,0.335878
4460.008000,-2.564885,0.297710,0.312977
4460.019000,-2.396947,-0.244275,0.274809
4460.031000,-2.793893,-1.450382,0.076336
4460.042000,-2.793893,-0.824427,0.076336
4460.053000,-2.526718,-0.488550,0.511450
4460.065000,-2.725191,-0.427481,-0.091603
4460.076000,-2.793893,0.541985,-0.053435
4460.087000,-3.061069,0.198473,0.160305
4460.098000,-3.099237,-0.106870,0.015267
4460.110000,-3.061069,-0.809160,-0.458015
4460.121000,-2.519084,-0.465649,0.183206
4460.132000,-2.259542,0.343511,0.404580
4460.143000,-2.687023,-0.274809,0.145038
4460.155000,-2.847328,-1.145038,-0.259542
4460.166000,-2.480916,-0.778626,0.068702
4460.177000,-2.335878,-0.175573,0.503817
4460.188000,-2.900763,-0.412214,0.015267
4460.199000,-2.832061,-0.290076,0.160305
4460.210000,-2.389313,0.152672,0.229008
4460.221000,-2.908397,-0.625954,-0.007634
4460.232000,-2.374046,0.007634,0.320611
4460.243000,-2.694656,-0.427481,0.076336
4460.257000,-2.648855,-0.854962,0.099237
4460.270000,-2.160305,-0.572519,0.511450
4460.281000,-2.152672,0.000000,0.801527
4460.291000,-2.496183,0.595420,0.419847
4460.302000,-3.030534,-0.992366,-0.129771
4460.313000,-2.992366,0.015267,-0.465649
4460.325000,-2.114504,-0.160305,0.465649
4460.336000,-2.725191,-0.977099,0.022901
4460.347000,-2.221374,0.816794,0.068702
4460.359000,-2.595420,-1.297710,0.488550
4460.368000,-2.732824,-0.595420,0.038168
4460.379000,-2.587786,0.832061,0.236641
4460.391000,-2.870229,1.099237,0.022901
4460.402000,-2.900763,0.687023,-0.221374
4460.413000,-2.297710,0.145038,0.351145
4460.424000,-2.763359,-0.343511,0.381679
4460.435000,-2.282443,-0.862595,-0.068702
4460.447000,-2.129771,-0.664122,0.526718
4460.458000,-2.068702,-0.656489,0.862595
4460.469000,-2.259542,-1.251908,0.450382
4460.480000,-2.832061,-1.816794,-0.435114
4460.491000,-2.259542,-0.030534,0.175573
4460.503000,-2.221374,1.305344,0.671756
4460.514000,-3.427481,0.931298,-0.229008
4460.525000,-3.488550,1.259542,-0.541985
4460.539000,-3.259542,0.763359,-0.473282
4460.580000,-2.633588,-2.068702,0.076336
4460.591000,-1.946565,-1.664122,0.938931
4460.603000,-2.274809,-1.473282,0.160305
4460.614000,-2.847328,-0.259542,-0.022901
4460.625000,-2.694656,1.488550,0.366412
4460.637000,-2.984733,1.190840,-0.030534
4460.648000,-3.358779,0.465649,0.129771
4460.659000,-3.175573,-0.122137,-0.335878
4460.670000,-2.106870,-0.190840,0.595420
4460.681000,-2.511450,-0.450382,-0.053435
4460.693000,-2.099237,-0.541985,0.343511
4460.704000,-2.183206,0.045802,0.854962
4460.715000,-2.358779,-0.603053,0.351145
4460.726000,-3.007634,-0.465649,0.015267
4460.737000,-2.572519,0.641221,0.030534
4460.749000,-2.679389,0.251908,0.259542
4460.760000,-2.519084,0.465649,0.374046
4460.771000,-2.702290,-1.251908,0.320611
4460.781000,-2.854962,-0.877863,0.251908
4460.793000,-2.801527,-0.007634,0.564886
4460.804000,-2.076336,0.312977,0.458015
4460.815000,-2.580153,-0.129771,-0.091603
4460.826000,-3.030534,0.114504,-0.106870
4460.838000,-2.885496,0.603053,0.259542
4460.852000,-3.030534,0.824427,0.450382
4460.863000,-3.106870,0.419847,0.351145
4460.874000,-3.076336,-1.541985,-0.229008
4460.885000,-2.038168,-0.572519,0.335878
4460.897000,-1.900763,-0.404580,0.725191
4460.908000,-2.297710,-0.885496,0.076336
4460.919000,-2.022901,-1.152672,-0.045802
4460.930000,-2.969466,-1.259542,0.106870
4460.941000,-2.244275,0.297710,0.229008
4460.953000,-3.030534,1.519084,0.114504
4460.964000,-3.450382,2.122137,-0.076336
4460.975000,-3.221374,1.114504,0.076336
4460.987000,-3.061069,-0.022901,0.015267
4460.998000,-3.114504,-1.206107,-0.549618
4461.009000,-1.755725,-1.946565,0.442748
4461.021000,-1.763359,-1.862595,0.763359
4461.032000,-1.717557,-1.435114,0.351145
4461.043000,-2.236641,-1.946565,0.351145
4461.054000,-2.931298,0.206107,0.129771
4461.066000,-3.106870,0.816794,-0.244275
4461.077000,-3.511450,0.916031,-0.435114
4461.088000,-3.221374,2.038168,-0.045802
4461.099000,-3.534351,1.816794,0.061069
4461.111000,-3.099237,0.114504,-0.030534
4461.122000,-2.572519,-1.145038,-0.419847
4461.133000,-1.984733,-1.503817,0.244275
4461.147000,-2.465649,-2.503817,-0.221374
4461.159000,-1.969466,-1.442748,0.519084
4461.171000,-3.007634,-1.396947,-0.297710
4461.182000,-2.702290,0.427481,-0.076336
4461.192000,-3.083969,1.916030,0.160305
4461.203000,-3.679389,1.870229,-0.175573
4461.214000,-3.412214,0.541985,-0.282443
4461.225000,-2.969466,0.328244,-0.503817
4461.237000,-2.412214,0.061069,0.351145
4461.248000,-2.229008,-0.832061,0.732824
4461.259000,-1.893130,-1.335878,0.244275
4461.271000,-1.984733,-1.664122,0.549618
4461.282000,-2.320611,-0.603053,0.129771
4461.293000,-2.954198,-0.587786,0.167939
4461.304000,-2.145038,0.305344,0.374046
4461.316000,-3.129771,0.603053,-0.114504
4461.327000,-2.885496,0.488550,0.206107
4461.338000,-2.854962,-0.877863,-0.305344
4461.349000,-2.916031,-0.396947,-0.328244
4461.360000,-2.633588,0.732824,0.427481
4461.371000,-2.603053,0.572519,0.412214
4461.382000,-2.877863,0.083969,0.213740
4461.393000,-2.946565,-0.778626,-0.007634
4461.404000,-2.877863,-1.503817,-0.022901
4461.415000,-2.450382,0.473282,0.290076
4461.430000,-2.374046,-1.916030,0.557252
4461.441000,-2.427481,-1.641221,0.083969
4461.453000,-2.488550,0.030534,-0.167939
4461.464000,-2.488550,0.335878,0.541985
4461.476000,-2.610687,0.984733,-0.007634
4461.486000,-3.213740,-0.099237,-0.122137
4461.497000,-3.290076,0.137405,-0.358779
4461.508000,-2.908397,0.564886,0.198473
4461.520000,-2.328244,-0.198473,0.358779
4461.531000,-2.587786,-0.709924,0.160305
4461.542000,-2.458015,-0.725191,0.534351
4461.554000,-1.694656,-1.564886,0.534351
4461.565000,-2.717557,-1.709924,-0.458015
4461.576000,-1.931298,0.137405,0.709924
4461.588000,-2.572519,0.145038,0.167939
4461.599000,-2.404580,0.641221,0.282443
4461.610000,-3.343511,-0.091603,-0.290076
4461.620000,-2.938931,0.664122,-0.320611
4461.631000,-3.374046,1.000000,-0.053435
4461.641000,-2.641221,-0.068702,0.412214
4461.653000,-2.244275,-0.801527,0.366412
4461.664000,-2.473282,-1.106870,0.267176
4461.676000,-2.816794,-1.908397,0.145038
4461.686000,-2.351145,-0.458015,0.206107
4461.697000,-2.618321,0.167939,0.259542
4461.742000,-2.198473,1.015267,0.381679
4461.754000,-2.832061,0.396947,0.076336
4461.765000,-2.366412,0.244275,0.687023
4461.776000,-2.595420,-0.992366,0.183206
4461.787000,-2.648855,-1.122137,0.045802
4461.798000,-2.633588,-0.183206,0.076336
4461.810000,-2.603053,0.603053,0.534351
4461.821000,-2.435115,-0.282443,0.305344
4461.832000,-3.106870,-1.030534,-0.511450
4461.844000,-2.893130,-0.167939,-0.091603
4461.855000,-2.358779,-0.076336,0.557252
4461.866000,-2.854962,0.038168,-0.213740
4461.877000,-2.167939,0.862595,0.175573
4461.888000,-3.038168,-1.450382,0.061069
4461.900000,-1.854962,-0.503817,0.320611
4461.911000,-2.862595,-0.557252,-0.129771
4461.922000,-2.648855,0.450382,0.129771
4461.933000,-2.717557,0.480916,0.496183
4461.945000,-3.015267,0.656489,-0.190840
4461.956000,-2.564885,0.358779,-0.076336
4461.968000,-1.931298,-1.167939,0.679389
4461.979000,-2.595420,-1.633588,0.396947
4461.996000,-2.381679,-0.633588,0.190840
4462.007000,-2.129771,0.183206,1.328244
4462.021000,-1.946565,0.473282,0.480916
4462.034000,-3.229008,-0.992366,-0.015267
4462.045000,-2.381679,0.725191,-0.091603
4462.056000,-2.664122,1.129771,0.396947
4462.068000,-2.961832,0.648855,0.236641
4462.079000,-3.152672,-1.687023,-0.068702
4462.090000,-2.152672,-0.030534,0.099237
4462.101000,-2.496183,-0.595420,0.389313
4462.112000,-2.404580,-0.549618,0.572519
4462.123000,-2.030534,-0.847328,0.305344
4462.134000,-2.778626,-0.717557,0.068702
4462.145000,-2.770992,-0.770992,0.167939
4462.157000,-3.083969,0.687023,0.145038
4462.168000,-2.847328,0.854962,-0.099237
4462.179000,-2.648855,0.603053,0.404580
4462.191000,-2.564885,-0.076336,0.259542
4462.202000,-2.984733,-0.648855,0.083969
4462.214000,-2.725191,-1.465649,0.328244
4462.225000,-2.091603,0.923664,0.167939
4462.236000,-2.519084,-0.519084,0.038168
4462.247000,-2.809160,-0.389313,-0.206107
4462.258000,-2.809160,0.106870,0.114504
4462.269000,-2.877863,0.335878,0.076336
4462.280000,-2.206107,-0.351145,0.167939
4462.291000,-2.610687,-0.969466,0.091603
4462.302000,-2.099237,-0.221374,0.312977
4462.316000,-2.244275,-1.732824,0.282443
4462.328000,-1.816794,-0.534351,0.618321
4462.339000,-2.236641,-0.236641,0.480916
4462.350000,-3.045802,-0.061069,-0.061069
4462.361000,-2.992366,0.618321,0.053435
4462.372000,-3.374046,2.335878,0.045802
4462.383000,-3.083969,0.709924,0.442748
4462.395000,-3.068702,1.580153,0.038168
4462.406000,-3.053435,-1.183206,-0.076336
4462.417000,-1.793893,-1.786260,0.458015
4462.428000,-2.022901,-1.572519,0.755725
4462.439000,-2.236641,-1.854962,0.564886
4462.450000,-2.312977,-1.717557,0.137405
4462.461000,-1.793893,-0.877863,0.557252
4462.472000,-2.519084,0.664122,0.404580
4462.483000,-3.290076,0.648855,-0.541985
4462.495000,-3.526718,1.526718,-0.396947
4462.506000,-2.916031,1.816794,0.419847
4462.518000,-3.297710,0.267176,-0.015267
4462.528000,-3.061069,-0.458015,-0.122137
4462.539000,-2.244275,-1.091603,0.106870
4462.550000,-1.984733,-0.687023,0.755725
4462.561000,-2.038168,-1.290076,0.343511
4462.573000,-2.244275,-1.816794,0.099237
4462.584000,-2.786260,-1.496183,0.328244
4462.598000,-2.786260,0.129771,-0.145038
4462.610000,-3.038168,1.091603,-0.282443
4462.621000,-3.442748,0.557252,-0.297710
4462.633000,-3.755725,0.183206,-0.236641
4462.644000,-2.824427,0.709924,0.534351
4462.655000,-2.839695,0.022901,-0.396947
4462.666000,-2.916031,-0.984733,-0.160305
4462.677000,-2.618321,-2.435115,-0.015267
4462.689000,-2.068702,-1.458015,0.847328
4462.700000,-1.862595,-1.557252,0.427481
4462.711000,-2.664122,-1.305344,0.145038
4462.722000,-2.251908,0.618321,0.160305
4462.733000,-2.328244,0.656489,0.198473
4462.744000,-3.488550,0.236641,0.106870
4462.756000,-3.145038,0.290076,-0.328244
4462.767000,-2.992366,0.290076,0.099237
4462.778000,-2.519084,0.435114,0.396947
4462.789000,-2.221374,-1.091603,0.320611
4462.800000,-2.412214,-1.954198,-0.030534
4462.811000,-1.961832,-1.687023,0.442748
4462.822000,-2.442748,-0.809160,0.511450
4462.833000,-2.557252,0.045802,-0.038168
4462.845000,-3.412214,1.114504,0.106870
4462.856000,-3.152672,1.015267,0.503817
4462.868000,-3.923664,0.022901,-0.335878
4462.915000,-2.259542,-0.519084,0.320611
4462.926000,-1.839695,-0.992366,0.526718
4462.937000,-2.564885,-1.526718,0.595420
4462.948000,-3.007634,-1.175572,-0.221374
4462.959000,-3.267176,0.679389,-0.030534
4462.970000,-2.618321,1.702290,0.519084
4462.980000,-3.396947,1.015267,0.145038
4462.991000,-3.580153,-0.160305,-0.183206
4463.003000,-2.923664,-0.519084,-0.152672
4463.014000,-2.381679,-0.938931,0.320611
4463.025000,-2.129771,-1.213740,0.274809
4463.037000,-2.351145,-1.190840,0.076336
4463.048000,-2.473282,-1.045802,0.259542
4463.059000,-2.458015,-0.229008,-0.053435
4463.071000,-3.343511,-0.534351,-0.251908
4463.082000,-3.114504,1.076336,0.328244
4463.093000,-2.641221,1.893130,0.183206
4463.104000,-3.152672,0.778626,-0.282443
4463.116000,-3.114504,-0.267176,-0.221374
4463.126000,-2.412214,-1.213740,0.076336
4463.137000,-1.458015,-1.366412,1.083970
4463.148000,-2.213740,-0.259542,0.916031
4463.159000,-2.473282,-0.671756,0.145038
4463.171000,-2.603053,-1.015267,0.175573
4463.182000,-2.709924,-0.625954,0.297710
4463.196000,-3.236641,0.312977,-0.038168
4463.208000,-2.893130,0.389313,-0.068702
4463.220000,-3.229008,-0.923664,-0.167939
4463.231000,-2.061069,-0.198473,0.541985
4463.242000,-3.175573,-0.656489,0.038168
4463.254000,-2.381679,0.969466,0.198473
4463.265000,-2.763359,1.259542,0.320611
4463.276000,-2.854962,0.328244,0.274809
4463.287000,-3.007634,-0.923664,-0.083969
4463.299000,-2.526718,-0.984733,0.045802
4463.310000,-1.854962,-0.977099,0.618321
4463.321000,-2.290076,-1.824428,0.198473
4463.333000,-1.847328,-1.312977,0.458015
4463.344000,-1.717557,-0.137405,1.000000
4463.354000,-2.763359,-0.045802,0.351145
4463.365000,-2.351145,0.809160,0.641221
4463.377000,-3.580153,1.587786,-0.595420
4463.388000,-3.580153,1.847328,-0.358779
4463.399000,-2.931298,1.190840,0.267176
4463.411000,-2.961832,-0.656489,-0.076336
4463.422000,-2.541985,-1.900763,0.190840
4463.434000,-1.580153,-1.404580,0.595420
4463.445000,-1.755725,-1.641221,0.694656
4463.456000,-1.847328,-1.259542,0.282443
4463.467000,-1.732824,-0.694656,0.648855
4463.482000,-2.687023,1.068702,0.328244
4463.494000,-2.832061,1.442748,0.007634
4463.505000,-3.633588,1.122137,-0.213740
4463.516000,-3.000000,0.786260,0.007634
4463.526000,-2.763359,0.786260,0.297710
4463.537000,-2.358779,0.412214,0.328244
4463.549000,-2.267176,-1.480916,-0.045802
4463.560000,-2.335878,-1.488550,0.221374
4463.571000,-1.816794,-1.709924,0.641221
4463.583000,-1.900763,-1.893130,0.549618
4463.594000,-2.694656,-0.740458,-0.221374
4463.605000,-3.053435,-0.099237,0.183206
4463.616000,-2.809160,1.190840,0.007634
4463.627000,-3.053435,0.709924,0.152672
4463.638000,-2.748092,0.007634,-0.122137
4463.649000,-2.946565,0.114504,-0.435114
4463.660000,-2.328244,0.618321,0.603053
4463.671000,-2.618321,0.366412,0.419847
4463.683000,-2.038168,-1.312977,0.007634
4463.694000,-2.938931,-2.320611,-0.251908
4463.705000,-2.083969,0.152672,1.000000
4463.716000,-2.671756,0.312977,0.458015
4463.727000,-3.114504,0.137405,-0.183206
4463.738000,-3.282443,-0.022901,0.206107
4463.749000,-2.664122,-0.328244,0.259542
4463.762000,-2.725191,-1.793893,0.007634
4463.773000,-2.374046,-0.984733,0.419847
4463.785000,-2.267176,-0.557252,0.381679
4463.797000,-3.190840,0.709924,-0.152672
4463.808000,-2.748092,1.954198,0.648855
4463.819000,-2.908397,0.786260,-0.328244
4463.831000,-3.229008,-0.175573,0.038168
4463.842000,-2.549618,-0.496183,-0.236641
4463.853000,-2.473282,-0.015267,0.236641
4463.864000,-2.038168,-1.816794,0.122137
4463.875000,-2.244275,-1.244275,0.259542
4463.887000,-1.671756,-1.282443,0.587786
4463.898000,-2.259542,-1.648855,0.442748
4463.910000,-2.328244,-0.465649,-0.183206
4463.921000,-2.580153,0.496183,0.167939
4463.932000,-2.992366,1.175572,-0.183206
4463.943000,-3.473282,2.328244,-0.442748
4463.955000,-3.389313,1.145038,-0.022901
4463.966000,-2.984733,0.396947,0.267176
4463.977000,-2.251908,-1.038168,0.267176
4463.988000,-2.099237,-2.229008,0.244275
4464.000000,-1.541985,-1.923664,0.526718
4464.011000,-1.809160,-1.435114,0.946565
4464.022000,-2.076336,-2.190840,0.328244
4464.033000,-3.427481,-0.206107,-0.679389
4464.081000,-2.595420,2.992366,0.267176
4464.092000,-3.244275,-1.038168,0.190840
4464.103000,-2.496183,-1.396947,-0.007634
4464.114000,-1.396947,-1.442748,0.656489
4464.126000,-1.954198,-2.916031,0.587786
4464.137000,-2.106870,-2.374046,0.198473
4464.148000,-2.374046,-1.022901,0.305344
4464.159000,-2.206107,0.793893,0.656489
4464.170000,-3.267176,-0.038168,-0.167939
4464.181000,-3.221374,0.519084,-0.427481
4464.192000,-3.160305,1.908397,0.160305
4464.203000,-3.366412,1.954198,0.167939
4464.214000,-2.809160,1.099237,-0.022901
4464.225000,-3.297710,-0.763359,0.022901
4464.236000,-2.618321,-1.748092,0.175573
4464.247000,-1.847328,-2.297710,0.442748
4464.258000,-1.511450,-1.053435,1.122137
4464.270000,-2.206107,-1.534351,0.511450
4464.281000,-2.763359,-1.183206,-0.213740
4464.292000,-2.656489,0.106870,0.610687
4464.304000,-3.297710,0.900763,-0.007634
4464.314000,-3.778626,2.419847,-0.152672
4464.324000,-3.244275,1.015267,-0.083969
4464.335000,-3.114504,0.335878,-0.045802
4464.349000,-2.679389,-0.877863,0.099237
4464.361000,-2.145038,-1.175572,0.541985
4464.373000,-2.045802,-2.763359,0.198473
4464.384000,-2.106870,-1.961832,0.389313
4464.396000,-1.351145,-1.190840,0.824427
4464.407000,-2.557252,-0.328244,0.229008
4464.418000,-3.267176,0.801527,-0.030534
4464.430000,-2.549618,1.106870,0.366412
4464.441000,-2.916031,1.122137,0.190840
4464.452000,-3.496183,0.160305,-0.519084
4464.463000,-3.022901,0.152672,0.229008
4464.474000,-2.458015,0.335878,0.854962
4464.485000,-2.770992,-0.900763,0.541985
4464.497000,-2.061069,-1.603053,0.366412
4464.508000,-2.213740,-1.618321,0.198473
4464.519000,-2.160305,-0.954198,0.748092
4464.531000,-2.671756,0.145038,0.053435
4464.542000,-2.595420,0.984733,0.038168
4464.553000,-2.870229,0.213740,0.625954
4464.564000,-2.809160,0.366412,0.061069
4464.575000,-2.954198,-0.549618,0.083969
4464.586000,-2.717557,-0.213740,-0.183206
4464.598000,-1.900763,0.106870,0.442748
4464.609000,-2.442748,-0.809160,0.282443
4464.620000,-2.778626,-1.343511,-0.022901
4464.631000,-2.389313,-0.854962,-0.068702
4464.645000,-3.083969,-0.137405,-0.221374
4464.657000,-2.679389,-0.465649,0.648855
4464.669000,-2.366412,-0.282443,0.114504
4464.680000,-3.076336,-0.954198,-0.145038
4464.691000,-2.099237,0.099237,0.351145
4464.703000,-2.419847,-0.328244,0.458015
4464.714000,-2.335878,-0.435114,0.274809
4464.725000,-2.496183,-0.053435,0.160305
4464.736000,-2.511450,-0.870229,0.450382
4464.747000,-2.259542,0.000000,0.320611
4464.758000,-3.167939,0.022901,-0.114504
4464.769000,-2.679389,-0.106870,0.076336
4464.780000,-2.519084,-0.015267,0.183206
4464.791000,-2.877863,-0.412214,0.290076
4464.802000,-2.664122,-0.389313,-0.206107
4464.813000,-2.366412,-0.633588,0.244275
4464.831000,-2.381679,-0.412214,0.045802
4464.843000,-3.038168,-0.045802,-0.007634
4464.854000,-2.748092,-0.389313,0.419847
4464.865000,-2.793893,-0.267176,0.221374
4464.877000,-2.809160,-0.145038,-0.404580
4464.888000,-2.648855,0.343511,0.335878
4464.899000,-2.206107,-0.038168,1.061069
4464.911000,-2.648855,-0.465649,0.190840
4464.922000,-2.587786,-1.480916,0.198473
4464.936000,-2.312977,-0.671756,-0.083969
4464.948000,-2.633588,-0.022901,0.458015
4464.959000,-3.045802,-0.503817,-0.129771
4464.970000,-3.022901,-0.320611,-0.076336
4464.981000,-2.664122,-0.007634,0.358779
4464.992000,-2.259542,1.122137,0.465649
4465.003000,-2.641221,-0.083969,0.137405
4465.015000,-2.916031,-0.793893,-0.137405
4465.026000,-2.290076,-0.725191,0.404580
4465.037000,-2.091603,-0.740458,0.290076
4465.048000,-2.450382,-0.816794,0.427481
4465.060000,-2.717557,-0.061069,0.206107
4465.071000,-2.854962,0.076336,0.083969
4465.082000,-2.618321,-0.198473,0.190840
4465.093000,-2.816794,-0.725191,-0.297710
4465.104000,-2.862595,0.687023,-0.274809
4465.115000,-2.381679,1.190840,0.381679
4465.127000,-2.740458,-0.251908,0.442748
4465.138000,-2.694656,-1.595420,-0.045802
4465.149000,-2.801527,-1.320611,-0.099237
4465.160000,-2.412214,0.083969,0.343511
4465.171000,-2.076336,-0.106870,0.969466
4465.182000,-2.435115,-0.641221,0.358779
4465.193000,-3.045802,-0.687023,-0.442748
4465.241000,-2.770992,0.091603,0.114504
4465.253000,-2.389313,0.167939,0.175573
4465.264000,-2.908397,0.244275,0.465649
4465.275000,-2.557252,-0.244275,0.320611
4465.286000,-3.007634,-1.351145,0.076336
4465.297000,-2.274809,-1.305344,0.297710
4465.309000,-2.091603,-1.122137,0.442748
4465.320000,-2.679389,-0.534351,0.068702
4465.331000,-2.480916,0.473282,0.358779
4465.343000,-2.450382,0.908397,0.503817
4465.354000,-2.839695,0.427481,0.099237
4465.365000,-3.557252,-0.534351,-0.625954
4465.377000,-2.717557,-0.022901,0.045802
4465.388000,-2.343511,0.709924,0.549618
4465.399000,-2.603053,-0.854962,-0.061069
4465.411000,-2.534351,-0.664122,0.106870
4465.422000,-2.229008,-1.206107,0.847328
4465.433000,-2.496183,-1.633588,0.435114
4465.444000,-2.580153,-0.519084,-0.290076
4465.455000,-2.748092,1.007634,0.129771
4465.466000,-2.793893,0.687023,0.175573
4465.477000,-3.267176,0.984733,-0.259542
4465.488000,-3.419847,0.061069,-0.221374
4465.500000,-2.816794,0.496183,0.412214
4465.511000,-2.770992,-0.022901,0.374046
4465.524000,-2.129771,-0.725191,0.282443
4465.536000,-2.412214,-1.343511,0.488550
4465.547000,-2.236641,-1.221374,-0.045802
4465.559000,-3.068702,-0.587786,-0.244275
4465.570000,-2.335878,0.091603,0.480916
4465.581000,-2.366412,-0.137405,0.251908
4465.592000,-3.251908,0.534351,-0.412214
4465.604000,-2.977099,0.900763,-0.229008
4465.615000,-2.740458,1.992366,0.938931
4465.626000,-3.129771,-0.038168,-0.106870
4465.637000,-2.442748,-1.511450,-0.160305
4465.648000,-2.045802,-1.183206,0.564886
4465.659000,-1.839695,-0.824427,0.610687
4465.671000,-2.351145,-0.549618,0.427481
4465.682000,-2.580153,0.083969,0.473282
4465.693000,-2.709924,-0.648855,0.366412
4465.704000,-2.839695,-0.374046,0.061069
4465.716000,-2.992366,1.145038,0.083969
4465.727000,-3.122137,1.015267,0.381679
4465.738000,-2.549618,0.549618,0.480916
4465.749000,-2.595420,-0.633588,0.335878
4465.760000,-2.694656,-1.221374,0.022901
4465.770000,-2.496183,-0.458015,-0.083969
4465.781000,-2.381679,-0.618321,0.328244
4465.793000,-2.427481,-0.564886,0.274809
4465.807000,-2.442748,0.541985,0.832061
4465.819000,-2.778626,-0.267176,-0.335878
4465.830000,-3.190840,0.236641,-0.083969
4465.841000,-2.763359,-0.259542,0.351145
4465.852000,-2.427481,-0.206107,0.290076
4465.863000,-2.679389,-0.633588,-0.129771
4465.874000,-2.625954,-0.022901,0.183206
4465.885000,-2.633588,0.083969,0.236641
4465.896000,-2.755725,-0.404580,0.198473
4465.907000,-2.709924,0.244275,0.335878
4465.918000,-2.351145,-0.183206,0.145038
4465.930000,-2.778626,0.885496,0.206107
4465.940000,-2.099237,-0.938931,0.625954
4465.951000,-2.541985,-1.061069,0.091603
4465.963000,-2.458015,-0.931298,-0.305344
4465.974000,-2.206107,-0.213740,0.931298
4465.985000,-2.229008,0.564886,0.694656
4465.996000,-2.595420,0.022901,0.000000
4466.006000,-3.015267,-0.442748,0.091603
4466.017000,-2.877863,1.106870,-0.320611
4466.029000,-3.229008,1.450382,0.007634
4466.040000,-2.587786,0.015267,0.259542
4466.051000,-2.778626,-0.832061,-0.206107
4466.062000,-2.984733,-0.938931,0.244275
4466.073000,-2.076336,0.175573,-0.106870
4466.084000,-2.496183,-1.503817,0.938931
4466.098000,-0.770992,-0.106870,0.992366
4466.111000,-3.091603,-1.564886,-0.412214
4466.122000,-2.503817,0.259542,0.129771
4466.133000,-2.442748,0.977099,0.305344
4466.144000,-3.015267,0.809160,-0.229008
4466.155000,-3.038168,0.374046,-0.183206
4466.166000,-2.885496,0.236641,0.152672
4466.177000,-2.473282,1.404580,0.160305
4466.188000,-2.396947,-0.465649,0.175573
4466.199000,-2.305344,-2.580153,0.106870
4466.210000,-1.946565,-2.396947,0.511450
4466.221000,-1.702290,-1.770992,0.595420
4466.232000,-1.664122,-0.511450,0.801527
4466.243000,-2.290076,-0.236641,0.244275
4466.255000,-3.175573,0.648855,-0.465649
4466.266000,-3.404580,1.473282,-0.145038
4466.277000,-3.129771,2.320611,0.106870
4466.288000,-2.977099,1.427481,0.022901
4466.300000,-2.419847,-0.045802,0.099237
4466.311000,-2.419847,-1.236641,0.770992
4466.322000,-1.709924,-2.496183,0.633588
4466.333000,-1.656489,-2.793893,0.236641
4466.345000,-0.984733,-2.236641,0.610687
4466.356000,-1.839695,-0.954198,0.412214
4466.368000,-2.503817,0.129771,0.160305
4466.413000,-3.053435,1.511450,0.030534
4466.425000,-2.954198,-0.549618,0.106870
4466.436000,-2.083969,-1.381679,-0.045802
4466.447000,-1.969466,-1.923664,0.335878
4466.459000,-1.717557,-2.465649,0.938931
4466.470000,-1.763359,-2.809160,0.496183
4466.481000,-2.297710,-2.099237,0.030534
4466.491000,-2.832061,0.557252,-0.045802
4466.502000,-3.320611,1.328244,0.145038
4466.514000,-3.351145,1.564886,-0.282443
4466.525000,-3.458015,0.870229,-0.503817
4466.536000,-2.893130,0.740458,0.244275
4466.548000,-2.427481,1.213740,0.526718
4466.559000,-2.694656,-0.221374,0.213740
4466.570000,-2.152672,-1.190840,0.358779
4466.581000,-1.618321,-2.709924,0.519084
4466.593000,-1.984733,-2.480916,0.221374
4466.604000,-2.419847,-2.022901,0.160305
4466.615000,-2.633588,0.328244,0.358779
4466.627000,-2.740458,0.893130,0.167939
4466.638000,-3.290076,1.145038,-0.374046
4466.649000,-3.396947,1.748092,-0.076336
4466.661000,-2.900763,1.198473,0.045802
4466.672000,-3.267176,-0.312977,-0.145038
4466.683000,-2.717557,-0.671756,-0.221374
4466.697000,-2.290076,-2.496183,-0.129771
4466.709000,-2.022901,-1.763359,0.526718
4466.720000,-1.740458,-0.931298,0.900763
4466.730000,-2.213740,-1.267176,0.511450
4466.741000,-2.206107,-0.961832,0.480916
4466.752000,-3.320611,-0.236641,-0.366412
4466.764000,-2.740458,1.198473,0.167939
4466.774000,-3.290076,2.145038,0.351145
4466.785000,-3.190840,0.893130,-0.244275
4466.797000,-3.725191,-1.213740,-0.900763
4466.808000,-2.145038,0.832061,0.557252
4466.819000,-3.030534,-1.862595,0.145038
4466.831000,-1.702290,-0.229008,0.328244
4466.841000,-2.427481,-2.740458,0.137405
4466.852000,-1.946565,-1.458015,0.519084
4466.863000,-2.244275,-0.419847,0.419847
4466.875000,-2.610687,-0.068702,-0.137405
4466.886000,-2.969466,1.564886,0.290076
4466.898000,-3.274809,1.778626,0.076336
4466.909000,-2.946565,1.145038,0.267176
4466.920000,-3.213740,-0.236641,-0.335878
4466.931000,-2.343511,-0.267176,0.175573
4466.942000,-2.198473,-0.534351,0.748092
4466.954000,-2.152672,-1.236641,0.160305
4466.965000,-2.137405,-1.702290,0.114504
4466.979000,-2.183206,-0.961832,0.396947
4466.991000,-2.320611,-0.259542,0.427481
4467.002000,-2.519084,0.885496,0.160305
4467.013000,-3.076336,0.145038,-0.038168
4467.024000,-3.473282,0.732824,-0.251908
4467.036000,-3.083969,1.190840,0.076336
4467.047000,-2.992366,0.557252,0.000000
4467.057000,-2.969466,0.122137,-0.244275
4467.069000,-2.305344,-0.992366,0.587786
4467.080000,-2.160305,-1.343511,0.267176
4467.091000,-2.687023,-1.595420,0.068702
4467.103000,-2.404580,-0.030534,0.320611
4467.114000,-2.221374,0.038168,0.389313
4467.124000,-2.549618,-0.480916,0.236641
4467.135000,-2.916031,0.488550,0.213740
4467.147000,-3.114504,0.419847,-0.419847
4467.158000,-2.877863,1.442748,0.244275
4467.169000,-2.618321,1.000000,0.374046
4467.180000,-3.068702,0.465649,0.251908
4467.191000,-2.809160,-0.992366,-0.534351
4467.202000,-2.610687,-1.343511,-0.007634
4467.213000,-1.961832,-0.801527,0.458015
4467.225000,-2.564885,-1.458015,-0.374046
4467.236000,-2.076336,-0.732824,0.030534
4467.247000,-2.839695,-0.580153,0.137405
4467.261000,-2.709924,0.908397,0.312977
4467.274000,-2.541985,0.297710,0.114504
4467.285000,-2.961832,0.206107,-0.114504
4467.296000,-3.015267,0.534351,0.206107
4467.307000,-2.244275,-0.160305,0.519084
4467.318000,-2.725191,0.160305,0.061069
4467.329000,-2.671756,0.290076,0.122137
4467.340000,-3.106870,-1.229008,-0.374046
4467.351000,-2.389313,-0.374046,0.595420
4467.362000,-2.549618,-0.931298,0.251908
4467.374000,-2.167939,-0.396947,0.480916
4467.385000,-2.366412,0.030534,0.427481
4467.396000,-2.763359,0.045802,0.312977
4467.408000,-2.366412,-1.984733,0.030534
4467.419000,-3.000000,-0.854962,-0.053435
4467.430000,-2.213740,0.916031,0.091603
4467.441000,-2.526718,1.038168,0.931298
4467.452000,-3.442748,-0.251908,-0.290076
4467.463000,-3.465649,0.229008,-0.236641
4467.474000,-2.755725,1.038168,0.175573
4467.485000,-2.839695,0.732824,0.244275
4467.496000,-2.633588,-0.877863,-0.022901
4467.508000,-2.633588,-0.503817,0.389313
4467.519000,-1.786260,-2.229008,0.938931
4467.530000,-2.129771,-3.030534,0.259542
4467.575000,-3.442748,2.496183,-0.358779
4467.587000,-3.442748,1.709924,-0.259542
4467.598000,-3.541985,0.916031,-0.076336
4467.610000,-3.000000,-0.450382,-0.366412
4467.620000,-2.412214,-0.717557,-0.015267
4467.631000,-2.015267,-2.694656,0.503817
4467.642000,-1.541985,-2.893130,0.931298
4467.654000,-1.633588,-3.099237,0.580153
4467.665000,-1.900763,-1.862595,0.221374
4467.676000,-2.778626,0.900763,0.160305
4467.694000,-3.442748,2.503817,-0.328244
4467.705000,-3.908397,2.740458,-0.206107
4467.716000,-3.778626,2.099237,-0.305344
4467.727000,-3.450382,0.793893,-0.190840
4467.738000,-2.740458,-1.267176,-0.206107
4467.750000,-1.801527,-1.916030,0.511450
4467.761000,-1.381679,-2.282443,0.938931
4467.772000,-1.641221,-3.244275,0.519084
4467.783000,-2.511450,-2.190840,0.122137
4467.794000,-2.236641,-0.145038,0.320611
4467.805000,-3.229008,1.946565,0.534351
4467.817000,-3.824427,2.419847,-0.755725
4467.828000,-4.206106,2.427481,-0.732824
4467.839000,-3.030534,1.328244,0.106870
4467.851000,-2.503817,-0.977099,0.152672
4467.865000,-1.984733,-1.343511,0.374046
4467.877000,-1.709924,-2.465649,0.427481
4467.889000,-1.709924,-3.099237,0.557252
4467.900000,-2.045802,-2.664122,0.687023
4467.911000,-2.450382,-0.396947,-0.091603
4467.923000,-2.763359,1.564886,-0.122137
4467.934000,-3.274809,2.503817,0.106870
4467.945000,-3.961832,2.244275,-0.274809
4467.957000,-3.755725,0.732824,-0.267176
4467.968000,-3.488550,0.183206,-0.160305
4467.979000,-2.221374,-0.671756,0.419847
4467.990000,-2.305344,-1.778626,0.076336
4468.000000,-2.198473,-3.083969,0.106870
4468.011000,-1.534351,-2.496183,0.496183
4468.022000,-2.251908,-0.824427,0.732824
4468.034000,-2.557252,-0.541985,0.091603
4468.045000,-2.923664,0.511450,-0.038168
4468.056000,-2.984733,2.305344,0.076336
4468.067000,-3.603053,0.893130,0.022901
4468.079000,-3.343511,1.053435,-0.259542
4468.090000,-2.977099,0.229008,0.290076
4468.101000,-2.007634,-0.755725,0.671756
4468.113000,-1.854962,-1.145038,0.106870
4468.124000,-2.259542,-1.778626,0.229008
4468.135000,-2.137405,-2.389313,0.381679
4468.149000,-2.557252,-0.374046,0.587786
4468.162000,-2.908397,0.366412,0.137405
4468.173000,-3.114504,0.793893,-0.282443
4468.184000,-3.519084,1.351145,-0.190840
4468.195000,-3.000000,1.129771,0.129771
4468.206000,-2.595420,0.938931,0.000000
4468.216000,-2.816794,-0.442748,-0.351145
4468.227000,-3.000000,-2.251908,-0.404580
4468.238000,-2.160305,-1.564886,0.190840
4468.249000,-1.854962,-0.282443,0.854962
4468.261000,-2.419847,-1.045802,0.343511
4468.272000,-2.786260,-0.755725,-0.259542
4468.283000,-2.763359,-0.236641,0.465649
4468.294000,-2.709924,0.603053,0.221374
4468.305000,-2.862595,1.099237,0.198473
4468.317000,-3.290076,0.732824,-0.022901
4468.328000,-2.458015,1.091603,0.526718
4468.339000,-2.793893,-0.648855,-0.137405
4468.351000,-2.770992,-1.770992,-0.282443
4468.362000,-2.045802,-1.236641,0.229008
4468.373000,-1.641221,0.137405,0.763359
4468.384000,-2.702290,-0.450382,0.183206
4468.394000,-2.770992,-0.198473,-0.396947
4468.405000,-3.229008,0.160305,-0.404580
4468.417000,-3.030534,1.083970,0.068702
4468.430000,-3.633588,0.213740,-0.442748
4468.442000,-2.702290,0.396947,0.312977
4468.452000,-2.236641,-0.366412,0.496183
4468.463000,-2.183206,-1.480916,0.297710
4468.474000,-3.221374,-2.473282,-0.580153
4468.485000,-1.809160,-0.992366,0.251908
4468.496000,-2.183206,0.167939,0.854962
4468.507000,-2.473282,0.290076,-0.045802
4468.519000,-3.274809,0.900763,-0.450382
4468.530000,-3.267176,1.030534,0.366412
4468.541000,-3.137405,0.496183,-0.091603
4468.553000,-3.015267,0.190840,-0.290076
4468.564000,-2.297710,-0.045802,0.671756
4468.575000,-2.671756,-0.763359,0.557252
4468.586000,-2.122137,-2.000000,0.305344
4468.597000,-2.206107,-2.847328,0.022901
4468.608000,-2.396947,-1.114504,0.755725
4468.619000,-2.114504,0.335878,0.580153
4468.630000,-2.809160,0.343511,-0.221374
4468.641000,-3.488550,0.786260,-0.427481
4468.653000,-3.122137,1.351145,0.152672
4468.664000,-3.389313,0.648855,-0.061069
4468.675000,-3.305344,0.595420,-0.801527
4468.687000,-2.595420,-0.183206,0.404580
4468.697000,-2.328244,-1.679389,-0.129771
4468.745000,-2.725191,-1.351145,-0.145038
4468.757000,-3.183206,0.305344,0.137405
4468.768000,-3.091603,1.732824,0.175573
4468.780000,-3.129771,1.381679,-0.083969
4468.790000,-3.328244,0.809160,-0.091603
4468.801000,-2.862595,-0.404580,0.045802
4468.812000,-2.129771,-0.557252,0.664122
4468.823000,-2.648855,-1.167939,0.099237
4468.834000,-1.854962,-1.236641,0.465649
4468.846000,-2.007634,-1.328244,0.641221
4468.856000,-2.152672,-1.137405,0.862595
4468.867000,-2.213740,-0.847328,0.007634
4468.878000,-3.198473,0.465649,-0.480916
4468.889000,-3.175573,1.458015,-0.091603
4468.901000,-3.076336,1.221374,0.251908
4468.912000,-3.755725,0.366412,-0.297710
4468.923000,-2.618321,-0.267176,-0.160305
4468.934000,-2.450382,0.122137,0.312977
4468.945000,-2.251908,-0.274809,0.625954
4468.957000,-2.099237,-1.068702,0.305344
4468.968000,-2.145038,-1.618321,0.175573
4468.979000,-2.007634,-1.145038,0.541985
4468.991000,-2.297710,-0.984733,0.022901
4469.002000,-2.664122,0.557252,0.091603
4469.016000,-3.122137,-0.335878,-0.396947
4469.027000,-2.679389,1.106870,-0.015267
4469.038000,-2.488550,1.656489,0.290076
4469.050000,-3.053435,-0.236641,-0.099237
4469.061000,-2.801527,-1.351145,0.022901
4469.072000,-2.374046,-1.206107,0.404580
4469.083000,-1.770992,-0.908397,0.717557
4469.095000,-1.969466,-0.824427,0.335878
4469.106000,-2.450382,-0.198473,0.236641
4469.117000,-2.442748,-0.129771,0.381679
4469.128000,-2.610687,0.236641,-0.099237
4469.139000,-3.267176,-0.038168,-0.412214
4469.151000,-2.587786,0.404580,-0.015267
4469.162000,-2.282443,1.083970,0.763359
4469.174000,-2.847328,-0.251908,-0.022901
4469.185000,-2.564885,-0.351145,-0.328244
4469.197000,-2.641221,-0.664122,0.259542
4469.208000,-2.511450,-1.832061,0.175573
4469.219000,-2.732824,-1.564886,-0.137405
4469.231000,-2.267176,-0.389313,0.526718
4469.242000,-2.740458,-0.076336,0.061069
4469.253000,-2.435115,1.106870,0.015267
4469.265000,-2.908397,1.152672,0.007634
4469.276000,-2.954198,0.229008,-0.083969
4469.287000,-3.038168,-0.396947,-0.229008
4469.301000,-2.732824,-0.809160,-0.129771
4469.313000,-2.343511,-1.236641,0.160305
4469.325000,-2.396947,-1.564886,0.549618
4469.336000,-2.618321,-2.083969,0.198473
4469.347000,-2.312977,-0.885496,-0.061069
4469.358000,-2.412214,0.022901,0.274809
4469.370000,-2.984733,0.290076,0.259542
4469.381000,-3.015267,0.244275,0.030534
4469.392000,-3.175573,0.511450,-0.190840
4469.403000,-2.786260,1.007634,0.106870
4469.415000,-2.885496,0.610687,0.290076
4469.426000,-2.740458,0.068702,0.396947
4469.437000,-2.687023,-0.526718,0.068702
4469.448000,-2.931298,-1.137405,0.083969
4469.460000,-2.183206,-1.381679,0.068702
4469.470000,-2.503817,-0.725191,0.198473
4469.481000,-2.931298,0.374046,0.183206
4469.493000,-2.778626,0.183206,0.145038
4469.504000,-3.244275,-1.015267,-0.137405
4469.515000,-3.190840,-0.572519,-0.083969
4469.527000,-2.641221,0.381679,0.534351
4469.538000,-2.404580,0.091603,-0.015267
4469.549000,-2.381679,-0.305344,0.145038
4469.560000,-2.923664,-0.511450,0.297710
4469.571000,-2.320611,-0.885496,0.564886
4469.585000,-2.488550,-0.167939,0.595420
4469.598000,-3.251908,-0.725191,-0.106870
4469.609000,-2.801527,-0.297710,-0.374046
4469.620000,-2.343511,-0.389313,0.412214
4469.631000,-2.351145,-0.114504,0.458015
4469.643000,-2.977099,-0.305344,-0.274809
4469.654000,-1.877863,0.328244,0.671756
4469.666000,-2.694656,-0.671756,-0.038168
4469.677000,-2.671756,-0.847328,0.190840
4469.688000,-2.603053,-0.412214,0.396947
4469.699000,-2.740458,0.458015,0.259542
4469.710000,-2.679389,0.900763,0.129771
4469.721000,-2.702290,0.320611,-0.106870
4469.732000,-2.633588,-1.267176,-0.549618
4469.743000,-1.740458,-0.702290,0.740458
4469.755000,-2.809160,-1.068702,0.351145
4469.766000,-2.396947,-0.954198,-0.152672
4469.777000,-2.389313,-0.106870,-0.053435
4469.788000,-2.473282,-0.106870,0.580153
4469.799000,-2.526718,-0.412214,0.412214
4469.811000,-3.290076,0.549618,-0.526718
4469.822000,-3.015267,1.091603,0.091603
4469.833000,-2.992366,1.068702,0.335878
4469.845000,-2.549618,-0.007634,0.229008
4469.856000,-2.786260,-0.885496,-0.015267
4469.901000,-2.076336,-0.229008,0.900763
4469.913000,-2.511450,-0.152672,0.007634
4469.924000,-3.580153,-0.045802,-0.152672
4469.936000,-3.404580,0.893130,-0.198473
4469.946000,-3.213740,1.580153,0.198473
4469.957000,-2.641221,0.488550,-0.267176
4469.969000,-2.412214,0.137405,0.312977
4469.980000,-1.908397,-0.648855,0.916031
4469.991000,-2.114504,-1.374046,0.503817
4470.003000,-2.427481,-2.740458,-0.091603
4470.014000,-2.206107,-1.786260,0.435114
4470.025000,-2.045802,0.190840,0.687023
4470.037000,-3.267176,0.519084,-0.374046
4470.048000,-3.152672,1.091603,-0.114504
4470.060000,-3.519084,1.427481,-0.083969
4470.070000,-3.259542,0.656489,-0.007634
4470.081000,-2.854962,1.519084,0.083969
4470.092000,-2.625954,0.053435,0.061069
4470.104000,-2.366412,-0.740458,0.587786
4470.114000,-1.656489,-2.076336,0.526718
4470.125000,-2.007634,-2.091603,0.671756
4470.136000,-2.106870,-1.381679,0.274809
4470.148000,-1.969466,-0.396947,0.656489
4470.159000,-2.343511,0.015267,0.198473
4470.171000,-3.809160,0.625954,-0.251908
4470.185000,-3.641221,1.694656,-0.725191
4470.197000,-3.458015,2.213740,0.282443
4470.208000,-2.854962,0.328244,0.282443
4470.219000,-2.694656,-1.328244,0.190840
4470.230000,-2.656489,-2.312977,-0.114504
4470.241000,-1.954198,-1.473282,0.496183
4470.252000,-2.015267,-1.465649,0.557252
4470.263000,-1.648855,-1.770992,0.580153
4470.274000,-2.549618,-1.877863,-0.061069
4470.285000,-2.824427,0.595420,-0.045802
4470.296000,-3.022901,2.099237,0.190840
4470.307000,-3.641221,1.244275,-0.137405
4470.318000,-3.007634,0.435114,-0.007634
4470.329000,-3.267176,-0.343511,-0.106870
4470.341000,-2.267176,0.465649,0.427481
4470.352000,-1.824428,-1.000000,0.473282
4470.363000,-2.496183,-1.244275,0.274809
4470.374000,-2.145038,-1.984733,0.244275
4470.385000,-2.381679,-1.129771,0.320611
4470.397000,-2.664122,-1.221374,0.106870
4470.408000,-2.832061,0.038168,-0.206107
4470.419000,-3.038168,1.625954,0.328244
4470.430000,-2.778626,0.358779,0.412214
4470.441000,-2.587786,-0.183206,0.396947
4470.452000,-3.000000,0.259542,-0.267176
4470.465000,-2.923664,-0.022901,0.175573
4470.477000,-2.167939,-0.908397,0.335878
4470.489000,-2.648855,-0.816794,-0.328244
4470.500000,-2.053435,-0.480916,0.396947
4470.511000,-2.778626,-0.618321,0.244275
4470.530000,-3.190840,0.236641,-0.045802
4470.541000,-2.870229,-1.061069,-0.221374
4470.552000,-2.694656,-0.671756,-0.045802
4470.563000,-2.572519,-0.587786,0.465649
4470.575000,-2.610687,-0.603053,0.114504
4470.586000,-2.450382,-0.045802,0.175573
4470.598000,-2.732824,0.854962,0.778626
4470.609000,-2.625954,-0.030534,-0.137405
4470.620000,-2.816794,-0.213740,-0.015267
4470.631000,-2.954198,0.335878,0.229008
4470.642000,-2.748092,1.473282,0.427481
4470.653000,-2.648855,-0.458015,0.122137
4470.665000,-2.793893,-1.167939,-0.381679
4470.676000,-2.152672,-1.419847,0.763359
4470.687000,-2.763359,-1.358779,0.450382
4470.699000,-2.519084,-1.198473,-0.137405
4470.710000,-2.923664,0.022901,0.183206
4470.721000,-2.572519,0.419847,0.335878
4470.733000,-3.297710,0.610687,-0.343511
4470.743000,-3.267176,0.229008,-0.480916
4470.758000,-3.374046,0.748092,0.160305
4470.769000,-3.480916,0.190840,-0.114504
4470.780000,-2.748092,-0.290076,0.381679
4470.791000,-2.671756,-1.267176,0.152672
4470.803000,-2.175573,-1.526718,-0.045802
4470.814000,-1.900763,-0.343511,0.748092
4470.825000,-1.893130,-1.496183,0.328244
4470.836000,-2.488550,-1.419847,0.175573
4470.847000,-2.519084,-0.572519,-0.183206
4470.858000,-2.419847,0.526718,0.312977
4470.869000,-2.641221,1.801527,0.755725
4470.880000,-3.076336,1.083970,-0.015267
4470.891000,-3.541985,-0.328244,-0.748092
4470.902000,-2.801527,-0.061069,0.129771
4470.914000,-2.396947,0.083969,0.480916
4470.925000,-2.480916,-1.030534,0.282443
4470.936000,-2.534351,-1.717557,0.274809
4470.948000,-2.099237,-1.755725,0.435114
4470.959000,-2.015267,-1.748092,0.175573
4470.970000,-2.511450,-0.603053,0.122137
4470.981000,-2.824427,0.969466,0.183206
4470.993000,-2.770992,1.022901,0.458015
4471.004000,-2.885496,0.862595,-0.183206
4471.016000,-3.175573,0.633588,-0.137405
4471.027000,-2.763359,0.328244,0.335878
4471.071000,-1.664122,-0.687023,0.877863
4471.083000,-2.908397,-2.236641,0.129771
4471.095000,-2.786260,-0.244275,-0.015267
4471.106000,-2.832061,0.183206,0.229008
4471.117000,-3.183206,1.488550,-0.419847
4471.129000,-3.083969,1.419847,0.022901
4471.140000,-3.259542,0.091603,0.152672
4471.151000,-1.763359,0.343511,0.603053
4471.162000,-3.213740,-3.625954,-0.335878
4471.174000,-1.045802,-1.770992,0.648855
4471.185000,-2.007634,-0.541985,0.641221
4471.197000,-2.503817,-0.007634,0.038168
4471.208000,-3.038168,1.129771,-0.038168
4471.219000,-3.213740,0.977099,-0.114504
4471.230000,-3.580153,0.786260,-0.267176
4471.241000,-3.221374,0.679389,-0.419847
4471.253000,-2.519084,-0.114504,0.259542
4471.264000,-2.221374,-0.954198,0.809160
4471.275000,-1.870229,-2.160305,0.259542
4471.286000,-2.427481,-2.557252,0.007634
4471.297000,-1.816794,-1.038168,0.343511
4471.308000,-2.450382,0.396947,0.564886
4471.319000,-3.557252,1.045802,0.099237
4471.330000,-3.839695,0.687023,-0.496183
4471.341000,-3.770992,1.305344,-0.519084
4471.354000,-3.221374,0.755725,-0.122137
4471.365000,-3.656489,-0.305344,-0.877863
4471.376000,-2.503817,-0.213740,-0.007634
4471.387000,-1.694656,-0.916031,0.732824
4471.399000,-1.931298,-2.511450,0.290076
4471.410000,-1.969466,-2.251908,0.053435
4471.421000,-2.175573,-1.427481,0.534351
4471.433000,-2.763359,0.114504,0.297710
4471.444000,-3.587786,1.770992,-0.404580
4471.455000,-2.984733,1.633588,0.358779
4471.466000,-3.175573,0.290076,0.274809
4471.477000,-2.740458,-0.190840,0.015267
4471.488000,-2.725191,-0.473282,-0.129771
4471.499000,-2.633588,-0.167939,0.137405
4471.510000,-2.343511,-0.519084,0.694656
4471.521000,-2.312977,-1.832061,0.068702
4471.533000,-2.458015,-2.000000,-0.244275
4471.543000,-2.206107,-0.992366,0.114504
4471.555000,-1.587786,0.671756,0.916031
4471.566000,-3.687023,-1.496183,-0.198473
4471.577000,-3.221374,1.641221,-0.412214
4471.588000,-4.236642,1.793893,-0.557252
4471.599000,-3.358779,1.595420,-0.236641
4471.611000,-2.480916,-0.908397,-0.137405
4471.622000,-2.656489,-1.122137,0.068702
4471.636000,-0.977099,-3.297710,0.832061
4471.647000,-1.809160,-3.007634,0.633588
4471.658000,-2.160305,-1.244275,0.358779
4471.669000,-2.412214,0.633588,0.274809
4471.680000,-3.343511,1.114504,-0.297710
4471.690000,-3.618321,1.595420,-0.587786
4471.701000,-3.519084,1.961832,-0.358779
4471.712000,-3.251908,1.404580,0.083969
4471.723000,-2.709924,0.015267,-0.015267
4471.735000,-2.564885,-0.801527,-0.366412
4471.746000,-2.480916,-0.961832,0.442748
4471.758000,-1.099237,-2.145038,1.366412
4471.769000,-1.465649,-3.229008,0.717557
4471.780000,-2.274809,-2.450382,0.007634
4471.791000,-2.335878,-1.053435,0.465649
4471.802000,-2.816794,1.480916,0.465649
4471.813000,-3.412214,2.541985,-0.213740
4471.825000,-4.236642,1.633588,-0.854962
4471.836000,-2.893130,0.946565,0.068702
4471.847000,-3.030534,-0.145038,-0.030534
4471.859000,-2.366412,-1.068702,0.099237
4471.870000,-2.282443,-1.595420,0.458015
4471.881000,-1.465649,-1.900763,0.778626
4471.893000,-2.274809,-1.519084,0.297710
4471.904000,-2.587786,-0.770992,0.305344
4471.918000,-3.244275,0.282443,0.122137
4471.930000,-2.931298,2.091603,0.190840
4471.941000,-3.274809,1.618321,0.114504
4471.952000,-3.358779,-0.938931,-0.389313
4471.963000,-2.030534,-0.297710,0.503817
4471.974000,-2.755725,0.007634,0.526718
4471.985000,-2.106870,-1.030534,0.534351
4471.996000,-2.320611,-1.633588,0.083969
4472.007000,-2.755725,-1.389313,-0.297710
4472.018000,-2.480916,0.213740,0.396947
4472.029000,-2.435115,0.587786,0.717557
4472.040000,-3.053435,0.595420,0.129771
4472.051000,-3.526718,-0.702290,-0.419847
4472.063000,-2.526718,-0.206107,0.320611
4472.074000,-3.503817,-0.030534,0.061069
4472.085000,-2.755725,-0.427481,0.259542
4472.096000,-2.870229,0.122137,0.358779
4472.108000,-2.022901,-0.114504,0.549618
4472.119000,-1.877863,-1.312977,0.290076
4472.130000,-3.488550,-1.748092,-0.664122
4472.141000,-1.603053,2.137405,0.862595
4472.153000,-3.458015,-0.396947,-0.312977
4472.164000,-3.763359,-0.343511,-1.076336
4472.176000,-2.137405,1.396947,-0.183206
4472.187000,-3.320611,-0.595420,-0.480916
4472.232000,-2.137405,0.435114,0.000000
4472.244000,-3.633588,-0.557252,-0.068702
4472.255000,-2.992366,0.145038,-0.137405
4472.266000,-2.610687,-0.236641,0.267176
4472.277000,-2.419847,1.389313,0.442748
4472.288000,-2.435115,0.511450,0.160305
4472.300000,-2.633588,-0.503817,0.206107
4472.311000,-2.633588,-1.381679,0.480916
4472.322000,-2.274809,-1.137405,0.213740
4472.333000,-2.549618,-1.137405,0.206107
4472.345000,-1.511450,0.541985,0.916031
4472.356000,-2.870229,0.221374,-0.061069
4472.368000,-2.763359,0.160305,0.198473
4472.379000,-3.145038,0.427481,0.419847
4472.390000,-3.450382,0.022901,-0.320611
4472.401000,-3.061069,-0.083969,-0.358779
4472.413000,-3.320611,-0.030534,0.007634
4472.424000,-1.702290,1.053435,1.282443
4472.434000,-2.603053,-0.541985,0.206107
4472.446000,-2.541985,-0.938931,-0.412214
4472.457000,-2.610687,-0.259542,0.267176
4472.468000,-2.198473,-0.969466,1.671756
4472.480000,-0.984733,2.320611,1.557252
4472.491000,-4.160306,-0.328244,0.038168
4472.502000,-1.068702,-0.145038,1.068702
4472.516000,-2.717557,-0.580153,0.160305
4472.528000,-1.816794,-0.068702,0.366412
4472.540000,-2.030534,-1.190840,0.274809
4472.551000,-2.610687,-1.076336,0.557252
4472.562000,-2.053435,-0.236641,0.679389
4472.573000,-3.290076,-0.580153,-0.129771
4472.585000,-2.320611,0.984733,0.137405
4472.596000,-1.916030,0.572519,1.106870
4472.608000,-2.664122,-0.206107,0.221374
4472.619000,-2.549618,-0.923664,0.083969
4472.630000,-2.564885,-0.061069,0.587786
4472.641000,-2.519084,0.496183,0.694656
4472.653000,-2.412214,-0.610687,0.038168
4472.664000,-2.969466,-0.396947,0.198473
4472.675000,-1.938931,-0.786260,0.488550
4472.687000,-2.374046,-0.793893,0.167939
4472.698000,-2.778626,-0.564886,-0.190840
4472.710000,-2.732824,0.000000,0.419847
4472.720000,-3.030534,0.854962,0.343511
4472.731000,-2.870229,0.809160,0.320611
4472.742000,-2.519084,-0.648855,0.053435
4472.753000,-2.862595,-0.648855,0.221374
4472.765000,-2.343511,-0.229008,0.229008
4472.776000,-2.282443,-0.770992,0.328244
4472.788000,-2.488550,-0.488550,0.717557
4472.802000,-2.389313,0.358779,-0.213740
4472.813000,-2.618321,0.923664,0.809160
4472.824000,-2.763359,-0.015267,0.244275
4472.836000,-2.786260,-1.068702,-0.312977
4472.847000,-2.664122,-0.519084,0.572519
4472.858000,-2.305344,0.053435,0.282443
4472.869000,-2.984733,-0.122137,-0.167939
4472.881000,-2.366412,0.068702,0.297710
4472.892000,-4.106870,-0.618321,-0.458015
4472.903000,-1.824428,1.129771,-0.725191
4472.914000,-6.717558,-3.068702,-2.893130
4472.925000,-0.114504,3.473282,0.190840
4472.936000,-4.389313,-1.480916,-1.351145
4472.947000,-0.916031,-0.412214,0.641221
4472.958000,-2.877863,-2.396947,-0.068702
4472.969000,-2.137405,-0.450382,-0.198473
4472.980000,-2.488550,0.358779,0.335878
4472.991000,-2.519084,-0.603053,0.465649
4473.002000,-2.282443,0.335878,0.114504
4473.013000,-3.206107,-0.900763,0.045802
4473.025000,-2.427481,-1.007634,1.259542
4473.036000,-2.854962,1.351145,-0.473282
4473.047000,-3.641221,0.923664,-0.236641
4473.059000,-3.343511,0.381679,-0.442748
4473.070000,-2.732824,0.534351,0.526718
4473.084000,-2.145038,-0.503817,0.862595
4473.096000,-1.786260,-1.450382,0.404580
4473.108000,-2.496183,-2.541985,0.007634
4473.118000,-2.083969,-1.625954,0.396947
4473.129000,-1.946565,-0.122137,0.877863
4473.140000,-1.908397,1.229008,0.511450
4473.151000,-2.923664,0.175573,0.244275
4473.163000,-2.641221,-0.198473,-0.167939
4473.174000,-3.015267,-0.213740,0.015267
4473.185000,-2.694656,0.893130,0.152672
4473.197000,-2.595420,-0.396947,0.221374
4473.207000,-2.450382,-0.175573,0.305344
4473.219000,-1.938931,-0.954198,0.480916
4473.230000,-2.694656,-2.381679,-0.229008
4473.241000,-2.038168,-1.160305,0.145038
4473.252000,-2.633588,0.274809,0.435114
4473.263000,-2.908397,0.030534,0.183206
4473.274000,-2.732824,-0.290076,-0.106870
4473.285000,-3.206107,-0.633588,-0.251908
4473.297000,-2.938931,0.519084,0.641221
4473.307000,-2.290076,0.511450,0.557252
4473.318000,-2.809160,-0.381679,0.000000
4473.329000,-2.671756,-0.946565,-0.351145
4473.347000,-2.435115,-0.473282,0.458015
4473.359000,-2.923664,-1.198473,-0.366412
4473.403000,-3.114504,-0.816794,-0.145038
4473.415000,-2.679389,-0.687023,0.282443
4473.426000,-2.175573,-1.312977,0.534351
4473.438000,-2.183206,-0.778626,-0.236641
4473.449000,-2.366412,0.221374,-0.068702
4473.460000,-2.206107,0.977099,1.114504
4473.471000,-3.229008,-0.236641,-0.083969
4473.482000,-2.893130,-1.061069,-0.145038
4473.493000,-2.694656,0.129771,0.320611
4473.505000,-2.732824,0.702290,0.297710
4473.516000,-2.854962,-0.358779,-0.129771
4473.527000,-2.832061,-0.793893,0.106870
4473.539000,-2.404580,-0.412214,0.671756
4473.550000,-1.931298,-0.816794,0.366412
4473.560000,-2.297710,-0.229008,0.404580
4473.570000,-2.564885,-0.358779,0.206107
4473.581000,-2.702290,-1.022901,-0.129771
4473.592000,-2.503817,-0.312977,0.267176
4473.603000,-2.557252,0.801527,0.687023
4473.614000,-2.778626,0.427481,0.282443
4473.625000,-2.572519,-0.297710,0.442748
4473.636000,-2.854962,-0.694656,-0.038168
4473.648000,-2.099237,-0.442748,0.404580
4473.659000,-2.427481,-0.664122,0.206107
4473.670000,-2.404580,-0.137405,0.129771
4473.683000,-2.458015,-0.503817,0.267176
4473.696000,-2.549618,0.503817,0.236641
4473.707000,-2.343511,0.725191,0.572519
4473.718000,-3.045802,-0.488550,-0.290076
4473.729000,-3.419847,-0.732824,-0.076336
4473.740000,-3.251908,0.862595,0.274809
4473.751000,-2.770992,1.183206,0.427481
4473.763000,-3.015267,-0.160305,0.122137
4473.774000,-3.198473,-0.480916,0.007634
4473.785000,-2.801527,-0.839695,0.106870
4473.797000,-1.916030,-0.961832,0.572519
4473.808000,-2.496183,-0.984733,0.053435
4473.819000,-2.549618,-0.206107,0.167939
4473.831000,-2.221374,0.129771,0.648855
4473.842000,-2.793893,0.114504,0.244275
4473.853000,-2.801527,-0.106870,-0.068702
4473.865000,-3.129771,-0.175573,0.106870
4473.876000,-2.442748,-0.488550,-0.076336
4473.888000,-2.465649,-0.190840,-0.007634
4473.898000,-2.732824,0.053435,0.297710
4473.909000,-2.259542,-0.885496,0.488550
4473.920000,-2.374046,-1.473282,0.312977
4473.931000,-2.381679,-0.984733,0.099237
4473.942000,-2.603053,-0.236641,0.282443
4473.953000,-2.893130,1.038168,0.244275
4473.967000,-2.572519,0.809160,0.320611
4473.979000,-2.465649,0.320611,0.312977
4473.991000,-3.076336,0.312977,-0.083969
4474.002000,-2.526718,-0.030534,0.259542
4474.014000,-2.564885,-0.664122,0.374046
4474.025000,-2.564885,-1.236641,0.030534
4474.036000,-2.480916,-0.358779,0.038168
4474.047000,-1.946565,0.297710,0.633588
4474.059000,-2.183206,-0.221374,0.160305
4474.070000,-3.267176,-0.496183,-0.106870
4474.081000,-3.022901,-0.221374,-0.076336
4474.093000,-2.801527,-0.366412,0.358779
4474.104000,-2.610687,0.290076,-0.190840
4474.115000,-3.007634,0.206107,0.229008
4474.127000,-2.725191,0.496183,0.297710
4474.138000,-3.129771,-0.015267,0.351145
4474.150000,-2.984733,-1.145038,0.251908
4474.161000,-2.458015,-0.572519,0.740458
4474.172000,-2.167939,-1.328244,1.007634
4474.183000,-3.099237,0.030534,-0.083969
4474.194000,-2.473282,1.022901,0.007634
4474.205000,-3.389313,-1.603053,0.106870
4474.216000,-0.961832,0.671756,1.328244
4474.227000,-3.458015,-1.610687,-0.282443
4474.238000,-1.320611,-0.175573,0.541985
4474.251000,-2.832061,-1.152672,0.007634
4474.263000,-1.839695,0.908397,0.259542
4474.274000,-2.824427,1.152672,0.885496
4474.285000,-3.053435,0.167939,-0.694656
4474.297000,-3.290076,-0.755725,-0.679389
4474.308000,-2.251908,-0.572519,1.015267
4474.320000,-2.679389,-0.488550,0.366412
4474.331000,-2.381679,0.137405,0.366412
4474.342000,-2.908397,0.045802,0.343511
4474.353000,-1.961832,-1.755725,1.709924
4474.364000,-2.328244,0.664122,0.419847
4474.375000,-2.221374,-1.114504,0.610687
4474.386000,-2.923664,-0.740458,-0.343511
4474.397000,-1.480916,0.778626,0.961832
4474.409000,-3.351145,-1.847328,-0.015267
4474.420000,-2.442748,0.099237,-0.099237
4474.431000,-3.221374,-0.839695,-0.305344
4474.442000,-2.015267,0.206107,0.366412
4474.454000,-3.236641,-0.145038,0.015267
4474.465000,-2.786260,0.045802,-0.198473
4474.476000,-2.526718,-0.893130,0.900763
4474.488000,-2.702290,-0.396947,-0.061069
4474.498000,-3.091603,-0.190840,0.770992
4474.510000,-2.709924,0.580153,-0.267176
4474.521000,-1.786260,1.984733,0.618321
4474.565000,-2.290076,-0.030534,1.129771
4474.577000,-2.633588,1.068702,0.648855
4474.588000,-3.671756,1.740458,-0.954198
4474.600000,-5.076336,-0.519084,-0.641221
4474.610000,-0.343511,4.274810,0.931298
4474.621000,-4.114504,-1.030534,-0.297710
4474.633000,-1.145038,-0.137405,0.862595
4474.644000,-3.129771,-2.022901,0.290076
4474.655000,-1.465649,-0.832061,0.312977
4474.666000,-1.885496,-1.519084,0.557252
4474.677000,-2.610687,-3.045802,-0.458015
4474.688000,-1.740458,0.938931,0.610687
4474.700000,-2.778626,-0.435114,0.198473
4474.710000,-2.862595,0.740458,-0.519084
4474.721000,-4.053436,0.664122,-0.389313
4474.733000,-3.534351,2.709924,0.068702
4474.744000,-2.648855,4.458016,0.328244
4474.755000,-3.015267,1.175572,0.511450
4474.767000,-1.770992,-2.824427,0.427481
4474.778000,-0.183206,-2.847328,1.893130
4474.789000,-1.656489,-4.534352,0.969466
4474.800000,-0.297710,-2.374046,1.274809
4474.811000,-1.969466,-1.053435,0.633588
4474.822000,-2.083969,0.687023,1.030534
4474.833000,-3.541985,1.213740,-0.450382
4474.847000,-4.229008,1.564886,-0.297710
4474.860000,-3.305344,2.099237,-0.290076
4474.871000,-3.946565,0.870229,-0.160305
4474.882000,-2.221374,-0.656489,0.625954
4474.893000,-2.061069,-2.198473,0.389313
4474.904000,-1.893130,-2.526718,0.480916
4474.915000,-1.679389,-3.183206,0.786260
4474.926000,-2.290076,-2.030534,0.259542
4474.937000,-1.916030,-0.679389,0.083969
4474.949000,-3.083969,0.687023,-0.091603
4474.960000,-3.167939,2.755725,0.129771
4474.971000,-3.740458,2.412214,-0.450382
4474.982000,-3.755725,1.083970,-0.274809
4474.993000,-3.305344,0.152672,-0.213740
4475.005000,-2.122137,-0.740458,0.480916
4475.016000,-1.732824,-1.923664,0.519084
4475.027000,-1.648855,-2.167939,0.778626
4475.039000,-1.694656,-1.778626,0.587786
4475.050000,-2.106870,-1.122137,0.259542
4475.060000,-2.572519,-0.083969,0.564886
4475.070000,-3.389313,1.297710,0.167939
4475.080000,-3.610687,0.946565,-0.122137
4475.091000,-3.580153,1.091603,-0.519084
4475.102000,-3.358779,1.770992,0.015267
4475.113000,-2.931298,0.465649,0.610687
4475.127000,-2.229008,-0.488550,0.267176
4475.139000,-1.427481,-1.206107,0.893130
4475.150000,-1.984733,-2.000000,0.244275
4475.160000,-2.480916,-2.259542,0.114504
4475.170000,-1.908397,-0.977099,0.099237
4475.181000,-2.664122,-0.305344,0.267176
4475.192000,-3.061069,0.740458,0.259542
4475.203000,-3.312977,0.526718,-0.038168
4475.214000,-3.137405,1.083970,-0.358779
4475.225000,-2.992366,1.213740,0.099237
4475.237000,-2.083969,0.045802,0.770992
4475.248000,-2.389313,-0.763359,0.251908
4475.259000,-2.755725,-2.183206,-0.244275
4475.271000,-2.183206,-1.931298,0.671756
4475.282000,-2.045802,-1.778626,0.664122
4475.293000,-2.427481,-0.618321,-0.061069
4475.305000,-2.450382,0.870229,0.106870
4475.316000,-3.007634,0.603053,0.801527
4475.327000,-3.526718,-0.351145,-0.335878
4475.338000,-2.977099,0.000000,-0.480916
4475.348000,-3.152672,0.717557,0.038168
4475.360000,-2.557252,0.145038,0.793893
4475.371000,-2.328244,-1.007634,0.343511
4475.382000,-3.030534,-2.374046,-0.083969
4475.393000,-1.725191,-0.519084,0.381679
4475.407000,-3.259542,-1.503817,-0.274809
4475.420000,-2.992366,-0.923664,-0.099237
4475.431000,-3.152672,0.114504,-0.068702
4475.442000,-2.664122,0.557252,0.290076
4475.453000,-2.893130,1.106870,0.007634
4475.464000,-2.832061,-0.076336,-0.038168
4475.476000,-2.816794,-1.251908,-0.061069
4475.487000,-2.320611,-0.480916,0.038168
4475.498000,-1.977099,-1.343511,1.755725
4475.509000,-2.442748,0.519084,-0.122137
4475.521000,-4.366412,0.358779,-0.977099
4475.532000,-0.862595,2.870229,1.015267
4475.543000,-3.870229,-2.633588,-0.442748
4475.554000,-0.893130,-1.809160,0.603053
4475.565000,-3.541985,-1.061069,-0.458015
4475.577000,-1.625954,0.297710,0.511450
4475.588000,-2.442748,0.328244,0.763359
4475.599000,-2.564885,-0.351145,-0.267176
4475.610000,-2.442748,-0.877863,-0.389313
4475.620000,-2.656489,0.755725,0.847328
4475.631000,-3.488550,0.351145,-0.106870
4475.642000,-2.427481,1.664122,0.374046
4475.654000,-4.030534,-0.129771,-0.664122
4475.665000,-2.503817,0.343511,0.106870
4475.676000,-4.068702,-2.083969,-1.244275
4475.723000,-3.923664,-2.068702,-0.618321
4475.735000,-3.175573,0.541985,-0.320611
4475.746000,-3.244275,1.679389,-0.427481
4475.757000,-4.129771,1.045802,-0.946565
4475.768000,-3.267176,2.473282,0.038168
4475.780000,-3.160305,0.167939,0.305344
4475.791000,-2.137405,0.427481,0.190840
4475.802000,-2.832061,-2.442748,-0.145038
4475.813000,-1.122137,-2.412214,0.847328
4475.825000,-1.389313,-2.694656,1.221374
4475.836000,-2.000000,-1.320611,0.335878
4475.847000,-2.725191,-0.580153,-0.038168
4475.858000,-2.900763,0.381679,0.083969
4475.869000,-2.770992,1.366412,-0.167939
4475.880000,-3.839695,2.129771,-0.618321
4475.891000,-3.610687,2.381679,-0.267176
4475.902000,-3.221374,0.839695,0.167939
4475.913000,-2.702290,-0.900763,0.145038
4475.924000,-2.076336,-2.580153,0.435114
4475.935000,-1.916030,-1.587786,0.374046
4475.946000,-1.519084,-1.954198,0.473282
4475.957000,-1.938931,-1.572519,0.549618
4475.968000,-2.274809,-1.458015,0.198473
4475.979000,-3.244275,0.648855,-0.305344
4475.990000,-3.450382,2.053435,-0.244275
4476.004000,-3.297710,1.412214,-0.534351
4476.015000,-3.229008,1.412214,-0.015267
4476.027000,-2.664122,1.183206,0.541985
4476.038000,-2.503817,-0.755725,0.312977
4476.050000,-2.534351,-1.717557,-0.015267
4476.061000,-2.129771,-2.091603,0.679389
4476.072000,-2.129771,-1.587786,0.320611
4476.083000,-2.167939,-1.732824,0.129771
4476.095000,-1.984733,0.854962,0.427481
4476.106000,-3.045802,-0.198473,0.122137
4476.117000,-2.664122,-0.648855,0.007634
4476.127000,-3.244275,0.587786,-0.473282
4476.138000,-3.633588,1.778626,0.282443
4476.149000,-3.114504,1.465649,0.229008
4476.161000,-3.160305,-0.328244,0.137405
4476.172000,-2.877863,-1.083970,-0.091603
4476.184000,-1.885496,-1.923664,0.442748
4476.202000,-2.396947,-2.496183,-0.053435
4476.213000,-1.984733,-0.862595,0.816794
4476.225000,-2.511450,0.396947,0.213740
4476.236000,-2.984733,0.328244,-0.183206
4476.248000,-2.748092,1.488550,0.145038
4476.259000,-4.076336,0.419847,-0.412214
4476.270000,-3.625954,0.274809,-0.450382
4476.281000,-3.099237,0.816794,0.374046
4476.295000,-2.687023,-1.419847,-0.572519
4476.308000,-1.648855,-1.793893,0.572519
4476.319000,-2.343511,-2.610687,0.229008
4476.330000,-1.916030,-1.129771,0.465649
4476.341000,-2.694656,-0.053435,0.229008
4476.353000,-2.503817,-0.022901,0.229008
4476.364000,-3.229008,0.488550,-0.221374
4476.375000,-2.992366,1.320611,-0.206107
4476.386000,-3.099237,1.206107,-0.045802
4476.398000,-3.206107,1.022901,-0.099237
4476.409000,-2.900763,0.603053,0.137405
4476.421000,-2.198473,-0.206107,0.748092
4476.432000,-2.190840,-1.404580,0.366412
4476.443000,-2.534351,-2.595420,-0.396947
4476.454000,-1.984733,-1.488550,0.427481
4476.465000,-2.221374,0.244275,0.671756
4476.477000,-2.679389,0.442748,0.503817
4476.488000,-3.488550,0.229008,-0.358779
4476.499000,-3.015267,0.641221,0.183206
4476.510000,-2.801527,0.992366,-0.061069
4476.521000,-2.587786,1.198473,0.312977
4476.532000,-2.366412,0.312977,0.412214
4476.544000,-2.801527,-0.992366,0.473282
4476.555000,-2.183206,-1.442748,0.213740
4476.566000,-2.557252,-1.938931,-0.007634
4476.580000,-2.610687,-1.381679,0.267176
4476.591000,-2.687023,-1.389313,0.022901
4476.602000,-2.190840,-0.114504,0.366412
4476.613000,-2.748092,0.786260,0.229008
4476.624000,-2.931298,0.221374,0.206107
4476.635000,-2.832061,0.251908,-0.038168
4476.647000,-3.068702,-0.458015,-0.137405
4476.658000,-2.625954,0.396947,0.541985
4476.669000,-2.549618,-0.877863,0.412214
4476.681000,-2.335878,-0.374046,0.213740
4476.692000,-1.526718,-0.671756,0.755725
4476.704000,-2.450382,-0.389313,0.267176
4476.715000,-2.732824,-1.213740,-0.320611
4476.726000,-2.587786,-0.442748,0.442748
4476.738000,-2.374046,0.091603,0.496183
4476.749000,-2.847328,0.725191,0.183206
4476.760000,-3.053435,0.305344,0.725191
4476.771000,-3.213740,-0.190840,-0.297710
4476.783000,-2.267176,-0.251908,0.129771
4476.794000,-3.175573,-1.076336,0.000000
4476.805000,-2.328244,-0.251908,0.625954
4476.816000,-2.389313,0.312977,0.335878
4476.827000,-2.778626,-0.992366,0.412214
4476.839000,-2.183206,-1.603053,0.145038
4476.850000,-2.587786,0.007634,0.305344
4476.897000,-2.893130,-0.320611,0.038168
4476.908000,-2.893130,-0.717557,-0.053435
4476.919000,-2.450382,-0.702290,0.412214
4476.930000,-2.244275,-0.450382,0.580153
4476.941000,-2.320611,-0.694656,0.305344
4476.952000,-2.671756,-0.091603,-0.221374
4476.964000,-2.244275,0.083969,0.442748
4476.975000,-2.969466,0.099237,0.160305
4476.986000,-3.351145,-0.404580,-0.229008
4476.998000,-3.045802,0.030534,0.061069
4477.009000,-2.938931,0.671756,0.236641
4477.020000,-2.465649,0.007634,0.099237
4477.031000,-2.717557,-0.503817,0.045802
4477.042000,-2.083969,-1.427481,0.679389
4477.053000,-2.083969,-1.007634,0.351145
4477.064000,-2.335878,-0.564886,0.351145
4477.075000,-2.778626,0.198473,-0.091603
4477.086000,-3.000000,-0.335878,-0.045802
4477.096000,-2.671756,0.167939,0.381679
4477.108000,-2.725191,1.335878,0.473282
4477.119000,-2.839695,0.183206,-0.007634
4477.130000,-2.969466,0.290076,-0.351145
4477.141000,-2.450382,-0.152672,0.328244
4477.152000,-2.534351,-0.732824,0.244275
4477.164000,-2.290076,-0.740458,-0.251908
4477.178000,-2.435115,-0.893130,0.167939
4477.190000,-2.900763,-0.106870,-0.190840
4477.200000,-2.870229,0.610687,-0.030534
4477.211000,-2.931298,0.893130,0.305344
4477.222000,-2.832061,0.076336,0.427481
4477.234000,-3.519084,-0.671756,-0.480916
4477.244000,-2.030534,-0.076336,0.145038
4477.255000,-2.580153,0.083969,0.603053
4477.267000,-2.778626,-0.977099,-0.152672
4477.278000,-2.442748,-1.045802,-0.137405
4477.289000,-2.290076,-0.595420,0.511450
4477.301000,-2.969466,-1.251908,-0.427481
4477.312000,-2.961832,-0.755725,-0.343511
4477.323000,-2.870229,1.343511,0.496183
4477.334000,-2.519084,1.290076,0.458015
4477.345000,-3.000000,0.282443,-0.076336
4477.356000,-3.007634,-0.244275,-0.122137
4477.367000,-2.122137,-0.320611,0.114504
4477.378000,-2.175573,-0.389313,0.564886
4477.390000,-2.267176,-0.732824,0.213740
4477.401000,-2.282443,-1.671756,-0.183206
4477.412000,-2.801527,-1.412214,0.274809
4477.424000,-2.251908,-0.847328,0.687023
4477.435000,-2.687023,-0.335878,-0.022901
4477.446000,-2.992366,0.587786,0.511450
4477.460000,-3.091603,0.099237,-0.503817
4477.472000,-3.366412,0.969466,-0.114504
4477.484000,-2.480916,-0.022901,0.587786
4477.495000,-2.755725,0.648855,0.206107
4477.506000,-2.679389,-0.916031,0.312977
4477.517000,-2.503817,-1.198473,-0.045802
4477.528000,-2.366412,-1.015267,0.053435
4477.539000,-2.145038,-0.778626,-0.061069
4477.550000,-2.465649,0.221374,0.129771
4477.560000,-2.755725,-0.435114,-0.145038
4477.571000,-2.862595,0.450382,0.045802
4477.582000,-2.931298,0.007634,0.083969
4477.593000,-2.969466,0.015267,-0.244275
4477.605000,-2.809160,-0.312977,0.396947
4477.616000,-2.770992,-1.129771,0.465649
4477.627000,-3.366412,-2.572519,-0.618321
4477.639000,-1.908397,-0.053435,0.541985
4477.650000,-2.511450,0.129771,0.564886
4477.661000,-2.267176,-0.404580,0.091603
4477.672000,-2.664122,-0.961832,0.000000
4477.682000,-2.916031,0.374046,0.053435
4477.694000,-2.885496,1.465649,0.244275
4477.705000,-3.083969,0.824427,0.267176
4477.716000,-2.961832,0.931298,0.007634
4477.727000,-3.045802,-0.045802,-0.114504
4477.741000,-2.709924,-0.977099,0.152672
4477.753000,-1.877863,-0.923664,0.870229
4477.765000,-2.259542,-1.633588,0.389313
4477.776000,-2.755725,-1.625954,-0.053435
4477.788000,-1.961832,-0.160305,0.656489
4477.798000,-2.816794,1.015267,0.664122
4477.809000,-3.076336,1.198473,-0.053435
4477.820000,-2.862595,0.610687,-0.061069
4477.831000,-2.923664,0.190840,-0.068702
4477.842000,-3.152672,0.282443,0.106870
4477.853000,-2.480916,0.267176,0.534351
4477.864000,-2.374046,-0.603053,0.030534
4477.875000,-3.015267,-1.778626,-0.083969
4477.887000,-2.015267,-1.648855,0.458015
4477.898000,-2.396947,-1.679389,0.106870
4477.909000,-2.618321,-0.404580,0.167939
4477.921000,-2.503817,1.000000,0.366412
4477.931000,-3.038168,0.809160,-0.007634
4477.942000,-3.099237,0.251908,-0.465649
4477.954000,-3.343511,0.503817,-0.396947
4477.965000,-1.725191,0.946565,0.458015
4477.976000,-2.648855,-0.045802,0.175573
4477.988000,-2.801527,-1.167939,-0.106870
4477.999000,-2.572519,-1.664122,-0.122137
4478.010000,-1.854962,-0.862595,0.458015
4478.053000,-2.709924,0.297710,-0.274809
4478.065000,-2.152672,2.198473,0.412214
4478.077000,-3.106870,-1.229008,-0.374046
4478.088000,-2.618321,0.473282,0.129771
4478.099000,-3.244275,0.045802,0.610687
4478.110000,-2.160305,0.274809,0.015267
4478.121000,-2.496183,1.290076,-0.045802
4478.132000,-2.137405,-0.923664,0.603053
4478.143000,-2.290076,-2.847328,0.221374
4478.154000,-2.076336,-1.625954,0.572519
4478.165000,-2.809160,0.045802,0.030534
4478.176000,-2.770992,-0.114504,-0.061069
4478.188000,-2.740458,0.801527,-0.106870
4478.199000,-2.839695,0.374046,0.007634
4478.210000,-2.938931,-0.175573,-0.259542
4478.220000,-2.419847,-0.641221,-0.290076
4478.231000,-2.290076,-0.122137,0.145038
4478.242000,-2.351145,0.664122,0.503817
4478.254000,-2.442748,0.114504,-0.152672
4478.264000,-2.290076,-0.465649,-0.106870
4478.275000,-2.396947,-1.412214,0.076336
4478.287000,-1.900763,-1.625954,1.091603
4478.298000,-3.015267,0.633588,-0.045802
4478.309000,-3.007634,1.183206,0.190840
4478.321000,-1.854962,-0.038168,0.839695
4478.335000,-2.137405,1.122137,0.564886
4478.347000,-3.488550,-0.786260,-0.335878
4478.359000,-1.541985,0.664122,0.534351
4478.370000,-2.297710,-0.152672,0.412214
4478.381000,-1.862595,-1.778626,0.580153
4478.392000,-2.282443,-2.137405,0.030534
4478.403000,-2.015267,-0.076336,0.435114
4478.414000,-2.297710,0.564886,0.709924
4478.424000,-2.442748,0.297710,0.847328
4478.436000,-3.343511,-1.832061,-0.442748
4478.447000,-2.541985,0.465649,-0.305344
4478.458000,-3.755725,1.473282,-0.129771
4478.469000,-2.335878,1.038168,0.893130
4478.480000,-3.076336,-1.534351,-0.251908
4478.491000,-2.633588,-0.824427,-0.282443
4478.502000,-2.442748,-0.114504,0.396947
4478.514000,-2.519084,-0.099237,0.129771
4478.525000,-1.587786,-0.694656,0.786260
4478.536000,-2.832061,0.381679,0.076336
4478.547000,-2.847328,0.274809,0.137405
4478.558000,-2.160305,-0.221374,0.557252
4478.569000,-3.190840,-0.045802,-0.145038
4478.580000,-2.267176,-0.175573,0.190840
4478.591000,-2.885496,0.083969,-0.106870
4478.602000,-2.312977,-0.564886,0.267176
4478.616000,-2.587786,-0.190840,0.068702
4478.628000,-2.534351,0.061069,0.152672
4478.640000,-3.038168,-1.450382,0.045802
4478.651000,-2.297710,-0.618321,0.648855
4478.662000,-2.152672,0.603053,0.732824
4478.673000,-2.480916,0.175573,0.404580
4478.684000,-3.274809,0.778626,-0.229008
4478.695000,-2.580153,-0.068702,0.366412
4478.707000,-2.374046,-0.847328,0.343511
4478.718000,-3.000000,-1.404580,-0.404580
4478.729000,-2.564885,0.015267,0.198473
4478.740000,-1.969466,0.732824,0.610687
4478.751000,-1.671756,-0.931298,0.816794
4478.763000,-3.396947,-2.572519,-0.473282
4478.774000,-1.977099,-0.396947,0.465649
4478.786000,-2.641221,-0.145038,0.259542
4478.796000,-2.419847,0.068702,-0.030534
4478.807000,-2.709924,-0.732824,0.137405
4478.819000,-2.709924,-0.038168,0.442748
4478.830000,-2.541985,-0.671756,0.312977
4478.841000,-2.946565,-0.137405,-0.343511
4478.853000,-2.595420,0.427481,0.328244
4478.863000,-2.656489,0.351145,0.824427
4478.875000,-2.442748,-0.274809,-0.091603
4478.886000,-3.328244,-1.404580,-0.618321
4478.900000,-3.007634,-0.534351,-0.274809
4478.912000,-2.938931,-0.076336,0.114504
4478.923000,-2.190840,-0.335878,0.725191
4478.935000,-3.229008,-1.022901,-0.427481
4478.946000,-2.564885,-0.618321,0.198473
4478.958000,-2.541985,0.587786,0.519084
4478.968000,-3.091603,-0.229008,-0.022901
4478.979000,-2.870229,-0.511450,-0.007634
4478.990000,-2.977099,-0.465649,0.015267
4479.001000,-2.152672,0.610687,0.488550
4479.012000,-3.053435,-0.679389,-0.129771
4479.030000,-2.374046,0.290076,0.458015
4479.041000,-2.641221,-1.137405,0.267176
4479.053000,-2.488550,-0.549618,0.229008
4479.064000,-3.305344,-0.572519,-0.221374
4479.075000,-1.923664,0.259542,0.564886
4479.087000,-2.450382,0.732824,0.419847
4479.098000,-3.114504,0.221374,0.160305
4479.109000,-3.206107,-0.320611,0.053435
4479.121000,-2.832061,-0.541985,0.076336
4479.132000,-2.770992,-0.839695,-0.259542
4479.144000,-2.290076,-1.274809,0.328244
4479.155000,-2.526718,0.236641,0.442748
4479.166000,-2.671756,0.137405,0.152672
4479.178000,-3.007634,-0.282443,-0.259542
4479.225000,-3.022901,-0.679389,-0.015267
4479.237000,-3.473282,0.068702,0.236641
4479.249000,-2.549618,-0.152672,0.503817
4479.260000,-2.954198,0.236641,-0.068702
4479.271000,-2.946565,1.229008,0.068702
4479.283000,-2.786260,0.526718,0.541985
4479.294000,-2.656489,-0.610687,0.290076
4479.306000,-2.763359,-1.274809,-0.450382
4479.317000,-2.076336,-1.038168,0.656489
4479.328000,-2.007634,-0.549618,0.503817
4479.339000,-2.343511,-1.076336,-0.053435
4479.351000,-2.587786,-0.809160,0.259542
4479.362000,-2.183206,-1.732824,1.557252
4479.373000,-2.396947,-0.541985,0.045802
